,brewery_id,brewery_name,city,state,lat_lng,latitude,longitude
0,0,NorthGate Brewing ,Minneapolis, MN,"(44.9983322, -93.2211744)",44.9983322,-93.2211744
1,1,Against the Grain Brewery,Louisville, KY,"(38.2554896, -85.7440216)",38.2554896,-85.7440216
2,2,Jack's Abby Craft Lagers,Framingham, MA,"(42.2801844, -71.4111676)",42.2801844,-71.4111676
3,3,Mike Hess Brewing Company,San Diego, CA,"(32.7477013, -117.1285406)",32.7477013,-117.1285406
4,4,Fort Point Beer Company,San Francisco, CA,"(37.8030556, -122.4648565)",37.8030556,-122.4648565
5,5,COAST Brewing Company,Charleston, SC,"(32.8735877, -79.9720038)",32.8735877,-79.9720038
6,6,Great Divide Brewing Company,Denver, CO,"(39.7538085, -104.9885278)",39.7538085,-104.9885278
7,7,Tapistry Brewing,Bridgman, MI,"(41.94277659999999, -86.556101)",41.94277659999999,-86.556101
8,8,Big Lake Brewing,Holland, MI,"(42.791459, -86.107906)",42.791459,-86.107906
9,9,The Mitten Brewing Company,Grand Rapids, MI,"(42.9851272, -85.6811017)",42.9851272,-85.6811017
10,10,Brewery Vivant,Grand Rapids, MI,"(42.9597498, -85.64629699999999)",42.9597498,-85.64629699999999
11,11,Petoskey Brewing,Petoskey, MI,"(45.3968008, -84.90304410000002)",45.3968008,-84.90304410000002
12,12,Blackrocks Brewery,Marquette, MI,"(46.546967, -87.394566)",46.546967,-87.394566
13,13,Perrin Brewing Company,Comstock Park, MI,"(43.07133150000001, -85.6814191)",43.07133150000001,-85.6814191
14,14,Witch's Hat Brewing Company,South Lyon, MI,"(42.4545565, -83.65033679999999)",42.4545565,-83.65033679999999
15,15,Founders Brewing Company,Grand Rapids, MI,"(42.958352, -85.67419199999999)",42.958352,-85.67419199999999
16,16,Flat 12 Bierwerks,Indianapolis, IN,"(39.772835, -86.138683)",39.772835,-86.138683
17,17,Tin Man Brewing Company,Evansville, IN,"(37.980216, -87.5854288)",37.980216,-87.5854288
18,18,Black Acre Brewing Co.,Indianapolis, IN,"(39.7709647, -86.0709176)",39.7709647,-86.0709176
19,19,Brew Link Brewing,Plainfield, IN,"(39.7038701, -86.4007144)",39.7038701,-86.4007144
20,20,Bare Hands Brewery,Granger, IN,"(41.760219, -86.11779700000001)",41.760219,-86.11779700000001
21,21,Three Pints Brewing,Martinsville, IN,"(39.677991, -86.3701849)",39.677991,-86.3701849
22,22,Four Fathers Brewing ,Valparaiso, IN,"(41.4733592, -87.08002100000002)",41.4733592,-87.08002100000002
23,23,Indiana City Brewing,Indianapolis, IN,"(39.766067, -86.141221)",39.766067,-86.141221
24,24,Burn 'Em Brewing,Michigan City, IN,"(41.738628, -86.82802199999999)",41.738628,-86.82802199999999
25,25,Sun King Brewing Company,Indianapolis, IN,"(39.7690552, -86.14469009999999)",39.7690552,-86.14469009999999
26,26,Evil Czech Brewery,Mishawaka, IN,"(41.69394500000001, -86.1822832)",41.69394500000001,-86.1822832
27,27,450 North Brewing Company,Columbus, IN,"(39.2678494, -85.8320774)",39.2678494,-85.8320774
28,28,Taxman Brewing Company,Bargersville, IN,"(39.52095509999999, -86.1670716)",39.52095509999999,-86.1670716
29,29,Cedar Creek Brewery,Seven Points, TX,"(32.322979, -96.206841)",32.322979,-96.206841
30,30,SanTan Brewing Company,Chandler, AZ,"(33.3032251, -111.8424385)",33.3032251,-111.8424385
31,31,Boulevard Brewing Company,Kansas City, MO,"(39.082097, -94.596736)",39.082097,-94.596736
33,33,The Dudes' Brewing Company,Torrance, CA,"(33.841623, -118.311439)",33.841623,-118.311439
34,34,Ballast Point Brewing Company,San Diego, CA,"(32.888093, -117.157947)",32.888093,-117.157947
35,35,Anchor Brewing Company,San Francisco, CA,"(37.7634098, -122.4010392)",37.7634098,-122.4010392
36,36,Figueroa Mountain Brewing Company,Buellton, CA,"(34.610657, -120.202302)",34.610657,-120.202302
37,37,Avery Brewing Company,Boulder, CO,"(40.0625629, -105.2047427)",40.0625629,-105.2047427
38,38,Twisted X Brewing Company,Dripping Springs, TX,"(30.1650939, -98.0847367)",30.1650939,-98.0847367
39,39,Gonzo's BiggDogg Brewing,Kalamazoo, MI,"(42.2909654, -85.58986670000002)",42.2909654,-85.58986670000002
40,40,Big Muddy Brewing,Murphysboro, IL,"(37.7842747, -89.3316195)",37.7842747,-89.3316195
41,41,Lost Nation Brewing,East Fairfield, VT,"(44.5700566, -72.60331289999999)",44.5700566,-72.60331289999999
42,42,Rising Tide Brewing Company,Portland, ME,"(43.6654737, -70.2572586)",43.6654737,-70.2572586
43,43,Rivertowne Brewing Company,Export, PA,"(40.4213277, -79.6354348)",40.4213277,-79.6354348
44,44,Revolution Brewing Company,Chicago, IL,"(41.9421513, -87.70853009999999)",41.9421513,-87.70853009999999
45,45,Tallgrass Brewing Company,Manhattan, KS,"(39.1427364, -96.6792529)",39.1427364,-96.6792529
46,46,Sixpoint Craft Ales,Brooklyn, NY,"(40.6739774, -74.011928)",40.6739774,-74.011928
47,47,White Birch Brewing,Hooksett, NH,"(42.7888712, -71.5194431)",42.7888712,-71.5194431
48,48,Firestone Walker Brewing Company,Paso Robles, CA,"(35.5959224, -120.6941187)",35.5959224,-120.6941187
49,49,SweetWater Brewing Company,Atlanta, GA,"(33.8084282, -84.38065309999999)",33.8084282,-84.38065309999999
50,50,Flying Mouse Brewery,Troutville, VA,"(37.4093617, -79.9001352)",37.4093617,-79.9001352
51,51,Upslope Brewing Company,Boulder, CO,"(40.0202705, -105.2183842)",40.0202705,-105.2183842
52,52,Pipeworks Brewing Company,Chicago, IL,"(41.91834250000001, -87.72540479999999)",41.91834250000001,-87.72540479999999
53,53,Bent Brewstillery,Roseville, MN,"(45.024508, -93.173879)",45.024508,-93.173879
54,54,Flesk Brewing Company,Lombard, IL,"(42.15592059999999, -88.13882149999999)",42.15592059999999,-88.13882149999999
55,55,Pollyanna Brewing Company,Lemont, IL,"(41.6759421, -87.9979374)",41.6759421,-87.9979374
56,56,BuckleDown Brewing,Lyons, IL,"(41.8059297, -87.8370169)",41.8059297,-87.8370169
57,57,Destihl Brewery,Bloomington, IL,"(40.529362, -88.946157)",40.529362,-88.946157
58,58,Summit Brewing Company,St. Paul, MN,"(44.914066, -93.139609)",44.914066,-93.139609
59,59,Latitude 42 Brewing Company,Portage, MI,"(42.20258, -85.56041599999999)",42.20258,-85.56041599999999
60,60,4 Hands Brewing Company,Saint Louis, MO,"(38.6149608, -90.19757150000001)",38.6149608,-90.19757150000001
61,61,Surly Brewing Company,Brooklyn Center, MN,"(44.9729768, -93.20981830000001)",44.9729768,-93.20981830000001
62,62,Against The Grain Brewery,Louisville, KY,"(38.2554896, -85.7440216)",38.2554896,-85.7440216
63,63,Crazy Mountain Brewing Company,Edwards, CO,"(39.7236763, -105.0005934)",39.7236763,-105.0005934
64,64,SlapShot Brewing Company,Chicago, IL,"(42.0297529, -87.96754530000001)",42.0297529,-87.96754530000001
65,65,Mikerphone Brewing,Chicago, IL,"(42.0297529, -87.96754530000001)",42.0297529,-87.96754530000001
66,66,Freetail Brewing Company,San Antonio, TX,"(29.6016266, -98.5612945)",29.6016266,-98.5612945
67,67,3 Daughters Brewing,St Petersburg, FL,"(27.769051, -82.6627049)",27.769051,-82.6627049
68,68,Red Shedman Farm Brewery and Hop...,Mt. Airy, MD,"(39.4226921, -77.19332570000002)",39.4226921,-77.19332570000002
69,69,Appalachian Mountain Brewery,Boone, NC,"(36.203368, -81.6684386)",36.203368,-81.6684386
70,70,Birdsong Brewing Company,Charlotte, NC,"(35.230652, -80.82653599999999)",35.230652,-80.82653599999999
71,71,Union Craft Brewing,Baltimore, MD,"(39.332061, -76.643204)",39.332061,-76.643204
72,72,Atwater Brewery,Detroit, MI,"(42.3373555, -83.0184811)",42.3373555,-83.0184811
73,73,Ale Asylum,Madison, WI,"(43.120465, -89.354151)",43.120465,-89.354151
74,74,Two Brothers Brewing Company,Warrenville, IL,"(41.824462, -88.211933)",41.824462,-88.211933
75,75,Bent Paddle Brewing Company,Duluth, MN,"(46.7677142, -92.12198409999999)",46.7677142,-92.12198409999999
76,76,Bell's Brewery,Kalamazoo, MI,"(42.2950419, -85.5790418)",42.2950419,-85.5790418
77,77,Blue Owl Brewing,Austin, TX,"(30.2545683, -97.7169378)",30.2545683,-97.7169378
78,78,Speakasy Ales & Lagers,San Francisco, CA,"(37.7381571, -122.3806562)",37.7381571,-122.3806562
79,79,Black Tooth Brewing Company,Sheridan, WY,"(44.8009273, -106.9537799)",44.8009273,-106.9537799
80,80,Hopworks Urban Brewery,Portland, OR,"(45.4969091, -122.6348353)",45.4969091,-122.6348353
81,81,Epic Brewing,Denver, CO,"(39.7631728, -104.9813241)",39.7631728,-104.9813241
82,82,New Belgium Brewing Company,Fort Collins, CO,"(40.59323759999999, -105.068601)",40.59323759999999,-105.068601
83,83,Sierra Nevada Brewing Company,Chico, CA,"(39.7233597, -121.8159439)",39.7233597,-121.8159439
84,84,Keweenaw Brewing Company,Houghton, MI,"(47.12207900000001, -88.568758)",47.12207900000001,-88.568758
85,85,Brewery Terra Firma,Traverse City, MI,"(44.715452, -85.635438)",44.715452,-85.635438
86,86,Grey Sail Brewing Company,Westerly, RI,"(41.384963, -71.8324189)",41.384963,-71.8324189
87,87,Kirkwood Station Brewing Company,Kirkwood, MO,"(38.5825304, -90.4058179)",38.5825304,-90.4058179
88,88,Goose Island Brewing Company,Chicago, IL,"(41.8870971, -87.67211830000001)",41.8870971,-87.67211830000001
89,89,Broad Brook Brewing LLC,East Windsor, CT,"(41.9593151, -72.6634706)",41.9593151,-72.6634706
90,90,The Lion Brewery,Wilkes-Barre, PA,"(41.2549502, -75.8576506)",41.2549502,-75.8576506
91,91,Madtree Brewing Company,Cincinnati, OH,"(39.1562498, -84.42430929999999)",39.1562498,-84.42430929999999
92,92,Jackie O's Pub & Brewery,Athens, OH,"(39.3277484, -82.10230059999999)",39.3277484,-82.10230059999999
93,93,Rhinegeist Brewery,Cincinnati, OH,"(39.1172664, -84.5201012)",39.1172664,-84.5201012
94,94,Warped Wing Brewing Company,Dayton, OH,"(39.759645, -84.185886)",39.759645,-84.185886
95,95,Blackrocks Brewery,Marquette, MA,"(46.546967, -87.394566)",46.546967,-87.394566
96,96,Catawba Valley Brewing Company,Morganton, NC,"(35.744672, -81.68567399999999)",35.744672,-81.68567399999999
97,97,Tr√∂egs Brewing Company,Hershey, PA,"(40.2971086, -76.6431142)",40.2971086,-76.6431142
98,98,Mission Brewery,San Diego, CA,"(32.7071477, -117.1515916)",32.7071477,-117.1515916
99,99,Christian Moerlein Brewing Company,Cincinnati, OH,"(39.1139772, -84.5150385)",39.1139772,-84.5150385
100,100,West Sixth Brewing,Lexington, KY,"(38.059307, -84.491991)",38.059307,-84.491991
101,101,Coastal Extreme Brewing Company,Newport, RI,"(41.514309, -71.31570599999999)",41.514309,-71.31570599999999
102,102,King Street Brewing Company,Anchorage, AK,"(61.149061, -149.87827)",61.149061,-149.87827
103,103,Beer Works Brewery,Lowell, MA,"(42.650538, -71.31649399999999)",42.650538,-71.31649399999999
104,104,Lone Tree Brewing Company,Lone Tree, CO,"(39.562658, -104.892868)",39.562658,-104.892868
105,105,Four String Brewing Company,Columbus, OH,"(39.9888951, -83.0327796)",39.9888951,-83.0327796
106,106,Glabrous Brewing Company,Pineland, ME,"(32.7719694, -117.2047756)",32.7719694,-117.2047756
107,107,Bonfire Brewing Company,Eagle, CO,"(39.655346, -106.8286779)",39.655346,-106.8286779
108,108,Thomas Hooker Brewing Company,Bloomfield, CT,"(41.80918399999999, -72.710689)",41.80918399999999,-72.710689
109,109,"Woodstock Inn, Station & Brewery",North Woodstock, NH,"(44.0324305, -71.6869123)",44.0324305,-71.6869123
110,110,Renegade Brewing Company,Denver, CO,"(39.7306209, -104.9992768)",39.7306209,-104.9992768
111,111,Mother Earth Brew Company,Vista, CA,"(33.1677115, -117.2203542)",33.1677115,-117.2203542
112,112,Black Market Brewing Company,Temecula, CA,"(33.5182097, -117.1697537)",33.5182097,-117.1697537
113,113,Vault Brewing Company,Yardley, PA,"(40.24234510000001, -74.8385061)",40.24234510000001,-74.8385061
114,114,Jailbreak Brewing Company,Laurel, MD,"(39.1241638, -76.8231651)",39.1241638,-76.8231651
115,115,Smartmouth Brewing Company,Norfolk, VA,"(36.86645900000001, -76.309555)",36.86645900000001,-76.309555
116,116,Base Camp Brewing Co.,Portland, OR,"(45.519906, -122.655955)",45.519906,-122.655955
117,117,Alameda Brewing,Portland, OR,"(45.548459, -122.6136389)",45.548459,-122.6136389
118,118,Southern Star Brewing Company,Conroe, TX,"(30.3584172, -95.4775348)",30.3584172,-95.4775348
119,119,Steamworks Brewing Company,Durango, CO,"(37.2723248, -107.8799998)",37.2723248,-107.8799998
120,120,Horny Goat Brew Pub,Milwaukee, WI,"(43.0077498, -87.91160630000002)",43.0077498,-87.91160630000002
121,121,Cheboygan Brewing Company,Cheboygan, MI,"(45.6433449, -84.4784153)",45.6433449,-84.4784153
122,122,Center of the Universe Brewing C...,Ashland, VA,"(37.7086899, -77.447137)",37.7086899,-77.447137
123,123,Ipswich Ale Brewery,Ipswich, MA,"(42.68112139999999, -70.8412069)",42.68112139999999,-70.8412069
124,124,Griffin Claw Brewing Company,Birmingham, MI,"(42.543611, -83.19553599999999)",42.543611,-83.19553599999999
125,125,Karbach Brewing Company,Houston, TX,"(29.8057389, -95.4605457)",29.8057389,-95.4605457
126,126,Uncle Billy's Brewery and Smokeh...,Austin, TX,"(30.26211099999999, -97.761234)",30.26211099999999,-97.761234
127,127,Deep Ellum Brewing Company,Dallas, TX,"(32.7808028, -96.78165969999999)",32.7808028,-96.78165969999999
128,128,Real Ale Brewing Company,Blanco, TX,"(30.1132678, -98.4128183)",30.1132678,-98.4128183
129,129,Straub Brewery,St Mary's, PA,"(41.42762, -78.552915)",41.42762,-78.552915
130,130,Shebeen Brewing Company,Wolcott, CT,"(41.57455789999999, -73.0018305)",41.57455789999999,-73.0018305
131,131,Stevens Point Brewery,Stevens Point, WI,"(44.5103897, -89.5736285)",44.5103897,-89.5736285
132,132,Weston Brewing Company,Weston, MO,"(39.4112221, -94.899886)",39.4112221,-94.899886
133,133,Southern Prohibition Brewing Com...,Hattiesburg, MS,"(31.3300149, -89.2897574)",31.3300149,-89.2897574
134,134,Minhas Craft Brewery,Monroe, WI,"(42.5998511, -89.64113309999999)",42.5998511,-89.64113309999999
135,135,Pug Ryan's Brewery,Dillon, CO,"(39.6281006, -106.0465675)",39.6281006,-106.0465675
136,136,Hops & Grains Brewing Company,Austin, TX,"(30.2584481, -97.71188509999999)",30.2584481,-97.71188509999999
137,137,Sietsema Orchards and Cider Mill,Ada, MI,"(43.000676, -85.45966299999999)",43.000676,-85.45966299999999
138,138,Summit Brewing Company,St Paul, MN,"(44.914066, -93.139609)",44.914066,-93.139609
139,139,Core Brewing & Distilling Company,Springdale, AR,"(36.206532, -94.134727)",36.206532,-94.134727
140,140,Independence Brewing Company,Austin, TX,"(30.2111852, -97.7360738)",30.2111852,-97.7360738
141,141,Cigar City Brewing Company,Tampa, FL,"(27.959001, -82.5091911)",27.959001,-82.5091911
142,142,Third Street Brewhouse,Cold Spring, MN,"(45.4588979, -94.4294683)",45.4588979,-94.4294683
143,143,Narragansett Brewing Company,Providence, RI,"(41.8013694, -71.4408576)",41.8013694,-71.4408576
144,144,Grimm Brothers Brewhouse,Loveland, CO,"(40.396763, -105.046949)",40.396763,-105.046949
145,145,Cisco Brewers,Nantucket, MA,"(41.2633412, -70.1311662)",41.2633412,-70.1311662
146,146,Angry Minnow,Hayward, WI,"(46.0105497, -91.4888447)",46.0105497,-91.4888447
147,147,Platform Beer Company,Cleveland, OH,"(41.479836, -81.71396829999999)",41.479836,-81.71396829999999
148,148,Odyssey Beerwerks,Arvada, CO,"(39.8008516, -105.0589538)",39.8008516,-105.0589538
149,149,Lonerider Brewing Company,Raleigh, NC,"(35.903681, -78.762587)",35.903681,-78.762587
150,150,Oakshire Brewing,Eugene, OR,"(44.073007, -123.140655)",44.073007,-123.140655
152,152,Tin Roof Brewing Company,Baton Rouge, LA,"(30.4326913, -91.18915439999999)",30.4326913,-91.18915439999999
153,153,Three Creeks Brewing,Sisters, OR,"(44.2852323, -121.5349363)",44.2852323,-121.5349363
154,154,2 Towns Ciderhouse,Corvallis, OR,"(44.563505, -123.2261848)",44.563505,-123.2261848
155,155,Caldera Brewing Company,Ashland, OR,"(42.1819009, -122.662854)",42.1819009,-122.662854
156,156,Greenbrier Valley Brewing Company,Lewisburg, WV,"(37.86367370000001, -80.3986197)",37.86367370000001,-80.3986197
157,157,Phoenix Ale Brewery,Phoenix, AZ,"(33.4485369, -112.0167303)",33.4485369,-112.0167303
158,158,Lumberyard Brewing Company,Flagstaff, AZ,"(35.1965612, -111.6489407)",35.1965612,-111.6489407
159,159,Uinta Brewing Company,Salt Lake City, UT,"(40.732612, -111.954166)",40.732612,-111.954166
160,160,Four Peaks Brewing Company,Tempe, AZ,"(33.41954020000001, -111.9159409)",33.41954020000001,-111.9159409
161,161,Martin House Brewing Company,Fort Worth, TX,"(32.763647, -97.3097334)",32.763647,-97.3097334
162,162,Right Brain Brewery,Traverse City, MI,"(44.7496372, -85.6193922)",44.7496372,-85.6193922
163,163,Sly Fox Brewing Company,Phoenixville, PA,"(40.1309106, -75.54753459999999)",40.1309106,-75.54753459999999
164,164,Round Guys Brewing,Lansdale, PA,"(40.243531, -75.287725)",40.243531,-75.287725
165,165,Great Crescent Brewery,Aurora, IN,"(39.05750099999999, -84.90057999999999)",39.05750099999999,-84.90057999999999
166,166,Oskar Blues Brewery,Longmont, CO,"(40.139013, -105.1219565)",40.139013,-105.1219565
167,167,Boxcar Brewing Company,West Chester, PA,"(39.9607654, -75.6018467)",39.9607654,-75.6018467
168,168,High Hops Brewery,Windsor, CO,"(40.4806871, -104.9356128)",40.4806871,-104.9356128
169,169,Crooked Fence Brewing Company,Garden City, ID,"(43.6517436, -116.2801331)",43.6517436,-116.2801331
170,170,Everybody's Brewing,White Salmon, WA,"(45.7273689, -121.4856757)",45.7273689,-121.4856757
171,171,Anderson Valley Brewing Company,Boonville, CA,"(39.0011005, -123.3559362)",39.0011005,-123.3559362
172,172,Fiddlehead Brewing Company,Shelburne, VT,"(44.3662006, -73.2326877)",44.3662006,-73.2326877
173,173,Evil Twin Brewing,Brooklyn, NY,"(40.7234478, -73.95077959999999)",40.7234478,-73.95077959999999
174,174,New Orleans Lager & Ale Brewing ...,New Orleans, LA,"(29.9200402, -90.08122949999999)",29.9200402,-90.08122949999999
175,175,Spiteful Brewing Company,Chicago, IL,"(41.9799234, -87.6806239)",41.9799234,-87.6806239
176,176,Rahr & Sons Brewing Company,Fort Worth, TX,"(32.7369805, -97.3269677)",32.7369805,-97.3269677
177,177,18th Street Brewery,Gary, IN,"(41.5990572, -87.267179)",41.5990572,-87.267179
178,178,Cambridge Brewing Company,Cambridge, MA,"(42.366461, -71.091357)",42.366461,-71.091357
179,179,Carolina Brewery,Pittsboro, NC,"(35.743852, -79.1654564)",35.743852,-79.1654564
180,180,Frog Level Brewing Company,Waynesville, NC,"(35.4935976, -82.99133619999999)",35.4935976,-82.99133619999999
181,181,Wild Wolf Brewing Company,Nellysford, VA,"(37.88779299999999, -78.88121799999999)",37.88779299999999,-78.88121799999999
182,182,COOP Ale Works,Oklahoma City, OK,"(35.4185442, -97.6577985)",35.4185442,-97.6577985
183,183,Seventh Son Brewing Company,Columbus, OH,"(39.985374, -82.9996759)",39.985374,-82.9996759
184,184,Oasis Texas Brewing Company,Austin, TX,"(30.40546, -97.874133)",30.40546,-97.874133
185,185,Vander Mill Ciders,Spring Lake, MI,"(43.0747913, -86.15879749999999)",43.0747913,-86.15879749999999
186,186,St. Julian Winery,Paw Paw, MI,"(42.21225219999999, -85.89172479999999)",42.21225219999999,-85.89172479999999
187,187,Pedernales Brewing Company,Fredericksburg, TX,"(30.262114, -97.761237)",30.262114,-97.761237
188,188,Mother's Brewing,Springfield, MO,"(37.2079288, -93.29927339999999)",37.2079288,-93.29927339999999
189,189,Modern Monks Brewery,Lincoln, NE,"(40.81497969999999, -96.7052989)",40.81497969999999,-96.7052989
190,190,Two Beers Brewing Company,Seattle, WA,"(47.5605572, -122.3374981)",47.5605572,-122.3374981
191,191,Snake River Brewing Company,Jackson, WY,"(43.4768486, -110.7651865)",43.4768486,-110.7651865
192,192,Capital Brewery,Middleton, WI,"(43.094876, -89.51625)",43.094876,-89.51625
193,193,Anthem Brewing Company,Oklahoma City, OK,"(35.4608785, -97.52870159999999)",35.4608785,-97.52870159999999
194,194,Goodlife Brewing Co.,Bend, OR,"(44.0510487, -121.3301814)",44.0510487,-121.3301814
195,195,Breakside Brewery,Portland, OR,"(45.5339627, -122.6965114)",45.5339627,-122.6965114
196,196,Goose Island Brewery Company,Chicago, IL,"(41.8870971, -87.67211830000001)",41.8870971,-87.67211830000001
197,197,Burnside Brewing Co.,Portland, OR,"(45.5234303, -122.6583625)",45.5234303,-122.6583625
198,198,Hop Valley Brewing Company,Springfield, OR,"(44.0828145, -123.0396724)",44.0828145,-123.0396724
199,199,Worthy Brewing Company,Bend, OR,"(44.055135, -121.2603305)",44.055135,-121.2603305
200,200,Occidental Brewing Company,Portland, OR,"(45.5887987, -122.7618044)",45.5887987,-122.7618044
201,201,Fearless Brewing Company,Estacada, OR,"(45.28742219999999, -122.334833)",45.28742219999999,-122.334833
202,202,Upland Brewing Company,Bloomington, IN,"(39.1734681, -86.5373754)",39.1734681,-86.5373754
203,203,Mehana Brewing Co.,Hilo, HI,"(19.7060898, -155.0691906)",19.7060898,-155.0691906
204,204,Hawai'i Nui Brewing Co.,Hilo, HI,"(19.7060898, -155.0691906)",19.7060898,-155.0691906
205,205,People's Brewing Company,Lafayette, IN,"(40.4376336, -86.88658559999999)",40.4376336,-86.88658559999999
206,206,Fort George Brewery,Astoria, OR,"(46.1883759, -123.8275168)",46.1883759,-123.8275168
207,207,Branchline Brewing Company,San Antonio, TX,"(29.5612519, -98.42844649999999)",29.5612519,-98.42844649999999
208,208,Kalona Brewing Company,Kalona, IA,"(41.4833147, -91.707551)",41.4833147,-91.707551
209,209,Modern Times Beer,San Diego, CA,"(32.7542037, -117.2062969)",32.7542037,-117.2062969
210,210,Temperance Beer Company,Evanston, IL,"(42.04003, -87.70191779999999)",42.04003,-87.70191779999999
211,211,Wisconsin Brewing Company,Verona, WI,"(42.96926699999999, -89.509209)",42.96926699999999,-89.509209
212,212,Crow Peak Brewing Company,Spearfish, SD,"(44.517491, -103.870356)",44.517491,-103.870356
213,213,Grapevine Craft Brewery,Farmers Branch, TX,"(32.9325731, -97.0747404)",32.9325731,-97.0747404
214,214,Buffalo Bayou Brewing Company,Houston, TX,"(29.776074, -95.41609799999999)",29.776074,-95.41609799999999
215,215,Texian Brewing Co.,Richmond, TX,"(29.6119207, -95.74376799999999)",29.6119207,-95.74376799999999
216,216,Orpheus Brewing,Atlanta, GA,"(33.79360080000001, -84.36860229999999)",33.79360080000001,-84.36860229999999
217,217,Forgotten Boardwalk,Cherry Hill, NJ,"(39.9123524, -74.96916999999999)",39.9123524,-74.96916999999999
218,218,Laughing Dog Brewing Company,Ponderay, ID,"(48.30459270000001, -116.5417076)",48.30459270000001,-116.5417076
219,219,Bozeman Brewing Company,Bozeman, MT,"(45.6846267, -111.0239183)",45.6846267,-111.0239183
220,220,Big Choice Brewing,Broomfield, CO,"(39.986384, -104.82268)",39.986384,-104.82268
221,221,Big Storm Brewing Company,Odessa, FL,"(28.192732, -82.625587)",28.192732,-82.625587
222,222,Carton Brewing Company,Atlantic Highlands, NJ,"(40.4117822, -74.0381795)",40.4117822,-74.0381795
223,223,Midnight Sun Brewing Company,Anchorage, AK,"(61.1472309, -149.8445081)",61.1472309,-149.8445081
224,224,Fat Head's Brewery,Middleburg Heights, OH,"(41.387136, -81.83132599999999)",41.387136,-81.83132599999999
225,225,Refuge Brewery,Temecula, CA,"(33.50441199999999, -117.158932)",33.50441199999999,-117.158932
226,226,Chatham Brewing,Chatham, NY,"(42.363277, -73.5952616)",42.363277,-73.5952616
227,227,DC Brau Brewing Company,Washington, DC,"(38.92974299999999, -76.96028299999999)",38.92974299999999,-76.96028299999999
228,228,Geneva Lake Brewing Company,Lake Geneva, WI,"(42.583422, -88.41127999999999)",42.583422,-88.41127999999999
229,229,Rochester Mills Brewing Company,Rochester, MI,"(42.68047749999999, -83.1312543)",42.68047749999999,-83.1312543
230,230,Cape Ann Brewing Company,Gloucester, MA,"(42.611207, -70.665112)",42.611207,-70.665112
231,231,Borderlands Brewing Company,Tucson, AZ,"(32.2261342, -110.9703128)",32.2261342,-110.9703128
232,232,College Street Brewhouse and Pub,Lake Havasu City, AZ,"(34.5071791, -114.3472597)",34.5071791,-114.3472597
234,234,Harpoon Brewery,Boston, MA,"(42.346892, -71.03443899999999)",42.346892,-71.03443899999999
235,235,Back East Brewing Company,Bloomfield, CT,"(41.85507399999999, -72.705084)",41.85507399999999,-72.705084
236,236,Champion Brewing Company,Charlottesville, VA,"(38.0277634, -78.4784612)",38.0277634,-78.4784612
237,237,Devil's Backbone Brewing Company,Lexington, VA,"(37.8138902, -79.39824589999999)",37.8138902,-79.39824589999999
238,238,Newburgh Brewing Company,Newburgh, NY,"(41.4973091, -74.0079658)",41.4973091,-74.0079658
239,239,Wiseacre Brewing Company,Memphis, TN,"(35.1469596, -89.96876979999999)",35.1469596,-89.96876979999999
240,240,Golden Road Brewing,Los Angeles, CA,"(34.150677, -118.274563)",34.150677,-118.274563
241,241,New Republic Brewing Company,College Station, TX,"(30.5654542, -96.34949209999999)",30.5654542,-96.34949209999999
242,242,Infamous Brewing Company,Austin, TX,"(30.4068746, -97.9258875)",30.4068746,-97.9258875
243,243,Two Henrys Brewing Company,Plant City, FL,"(28.047478, -82.187766)",28.047478,-82.187766
244,244,Lift Bridge Brewing Company,Stillwater, MN,"(45.039217, -92.831768)",45.039217,-92.831768
245,245,Lucky Town Brewing Company,Jackson, MS,"(32.31955, -90.188493)",32.31955,-90.188493
246,246,Quest Brewing Company,Greenville, SC,"(34.8465673, -82.34516029999999)",34.8465673,-82.34516029999999
247,247,Creature Comforts,Athens, GA,"(33.9589924, -83.3802906)",33.9589924,-83.3802906
248,248,Half Full Brewery,Stamford, CT,"(41.0395133, -73.5499287)",41.0395133,-73.5499287
249,249,Southampton Publick House,Southampton, NY,"(40.8832561, -72.39153999999999)",40.8832561,-72.39153999999999
250,250,Chapman's Brewing,Angola, IN,"(41.6489735, -85.00301739999999)",41.6489735,-85.00301739999999
251,251,Barrio Brewing Company,Tucson, AZ,"(32.2145078, -110.9594836)",32.2145078,-110.9594836
252,252,Santa Cruz Mountain Brewing,Santa Cruz, CA,"(36.9591246, -122.0481543)",36.9591246,-122.0481543
253,253,Frankenmuth Brewery,Frankenmuth, MI,"(43.3311219, -83.7377741)",43.3311219,-83.7377741
254,254,Meckley's Cidery,Somerset Center, MI,"(42.0589983, -84.4057965)",42.0589983,-84.4057965
255,255,Stillwater Artisanal Ales,Baltimore, MD,"(39.2807461, -76.56697849999999)",39.2807461,-76.56697849999999
256,256,Finch's Beer Company,Chicago, IL,"(41.886288, -87.6720239)",41.886288,-87.6720239
257,257,South Austin Brewery,South Austin, TX,"(30.2146205, -97.76231639999999)",30.2146205,-97.76231639999999
258,258,Bauhaus Brew Labs,Minneapolis, MN,"(45.00092799999999, -93.2447098)",45.00092799999999,-93.2447098
259,259,Ozark Beer Company,Rogers, AR,"(36.3336597, -94.1148094)",36.3336597,-94.1148094
260,260,Mountain Town Brewing Company ,Mount Pleasant, MI,"(43.611805, -84.78405800000002)",43.611805,-84.78405800000002
261,261,Otter Creek Brewing,Waterbury, VT,"(44.0293542, -73.1724591)",44.0293542,-73.1724591
262,262,The Brewer's Art,Baltimore, MD,"(39.3027614, -76.6163918)",39.3027614,-76.6163918
263,263,Denver Beer Company,Denver, CO,"(39.758234, -105.0073697)",39.758234,-105.0073697
264,264,Ska Brewing Company,Durango, CO,"(37.23880219999999, -107.8761503)",37.23880219999999,-107.8761503
265,265,Tractor Brewing Company,Albuquerque, NM,"(35.102281, -106.6479153)",35.102281,-106.6479153
267,267,Cape Cod Beer,Hyannis, MA,"(41.6781432, -70.310088)",41.6781432,-70.310088
268,268,Long Trail Brewing Company,Bridgewater Corners, VT,"(43.588444, -72.659655)",43.588444,-72.659655
269,269,Great Raft Brewing Company,Shreveport, LA,"(32.4885862, -93.7561265)",32.4885862,-93.7561265
270,270,Alaskan Brewing Company,Juneau, AK,"(58.3570506, -134.4893335)",58.3570506,-134.4893335
271,271,Notch Brewing Company,Ipswich, MA,"(42.5197607, -70.8906897)",42.5197607,-70.8906897
272,272,The Alchemist,Waterbury, VT,"(44.4762604, -72.7166371)",44.4762604,-72.7166371
273,273,Three Notch'd Brewing Company,Charlottesville, VA,"(38.0261239, -78.4822243)",38.0261239,-78.4822243
274,274,Portside Brewery,Cleveland, OH,"(41.5014706, -81.7031463)",41.5014706,-81.7031463
275,275,Otter Creek Brewing,Middlebury, VT,"(44.0293542, -73.1724591)",44.0293542,-73.1724591
276,276,Montauk Brewing Company,Montauk, NY,"(41.0366228, -71.94399039999999)",41.0366228,-71.94399039999999
277,277,Indeed Brewing Company,Minneapolis, MN,"(45.00336979999999, -93.2515313)",45.00336979999999,-93.2515313
278,278,Berkshire Brewing Company,South Deerfield, MA,"(42.478698, -72.609296)",42.478698,-72.609296
279,279,Foolproof Brewing Company,Pawtucket, RI,"(41.8702585, -71.4081267)",41.8702585,-71.4081267
281,281,Bolero Snort Brewery,Ridgefield Park, NJ,"(40.8604813, -74.02946299999999)",40.8604813,-74.02946299999999
282,282,Thunderhead Brewing Company,Kearney, NE,"(40.696793, -99.080867)",40.696793,-99.080867
283,283,Defiance Brewing Company,Hays, KS,"(38.8586458, -99.3016196)",38.8586458,-99.3016196
284,284,Milwaukee Brewing Company,Milwaukee, WI,"(43.024897, -87.913026)",43.024897,-87.913026
285,285,Catawba Island Brewing,Port Clinton, OH,"(41.517826, -82.888763)",41.517826,-82.888763
286,286,Back Forty Beer Company,Gadsden, AL,"(34.0159435, -86.0056992)",34.0159435,-86.0056992
287,287,Four Corners Brewing Company,Dallas, TX,"(32.772085, -96.791787)",32.772085,-96.791787
288,288,Saint Archer Brewery,San Diego, CA,"(32.8804823, -117.1634659)",32.8804823,-117.1634659
289,289,Rogue Ales,Newport, OR,"(44.6278129, -124.0559881)",44.6278129,-124.0559881
290,290,Hale's Ales,Seattle, WA,"(47.6590668, -122.3652526)",47.6590668,-122.3652526
291,291,Tommyknocker Brewery,Idaho Springs, CO,"(39.7416177, -105.5176646)",39.7416177,-105.5176646
292,292,Baxter Brewing Company,Lewiston, ME,"(44.0952036, -70.219123)",44.0952036,-70.219123
293,293,Northampton Brewery,Northamtpon, MA,"(42.3173649, -72.6303392)",42.3173649,-72.6303392
294,294,Black Shirt Brewing Company,Denver, CO,"(39.7697399, -104.9728322)",39.7697399,-104.9728322
295,295,Wachusett Brewing Company,Westminster, MA,"(42.5584727, -71.8706864)",42.5584727,-71.8706864
296,296,Widmer Brothers Brewing Company,Portland, OR,"(45.5411986, -122.6764179)",45.5411986,-122.6764179
297,297,Hop Farm Brewing Company,Pittsburgh, PA,"(40.4845124, -79.9480268)",40.4845124,-79.9480268
298,298,Liquid Hero Brewery,York, PA,"(39.9666337, -76.7286051)",39.9666337,-76.7286051
299,299,Matt Brewing Company,Utica, NY,"(43.10444589999999, -75.2455361)",43.10444589999999,-75.2455361
300,300,Boston Beer Company,Boston, MA,"(42.3145455, -71.1032285)",42.3145455,-71.1032285
301,301,Old Forge Brewing Company,Danville, PA,"(40.9628899, -76.61692359999999)",40.9628899,-76.61692359999999
302,302,Utah Brewers Cooperative,Salt Lake City, UT,"(40.7554212, -111.9078881)",40.7554212,-111.9078881
303,303,Magic Hat Brewing Company,South Burlington, VT,"(44.428968, -73.21346299999999)",44.428968,-73.21346299999999
304,304,Blue Hills Brewery,Canton, MA,"(42.1505239, -71.10379309999999)",42.1505239,-71.10379309999999
305,305,Night Shift Brewing,Everett, MA,"(42.4059707, -71.067886)",42.4059707,-71.067886
306,306,Beach Brewing Company,Virginia Beach, VA,"(36.7883698, -76.06046719999999)",36.7883698,-76.06046719999999
307,307,Payette Brewing Company,Garden City, ID,"(43.6133283, -116.2155453)",43.6133283,-116.2155453
308,308,Brew Bus Brewing,Tampa, FL,"(27.9831348, -82.45811839999999)",27.9831348,-82.45811839999999
309,309,Sockeye Brewing Company,Boise, ID,"(43.6323958, -116.2752137)",43.6323958,-116.2752137
310,310,Pine Street Brewery,San Francisco, CA,"(37.7921453, -122.4020407)",37.7921453,-122.4020407
311,311,Dirty Bucket Brewing Company,Woodinville, WA,"(47.7662454, -122.1483231)",47.7662454,-122.1483231
312,312,Jackalope Brewing Company,Nashville, TN,"(36.1503486, -86.77950249999999)",36.1503486,-86.77950249999999
313,313,Slanted Rock Brewing Company,Meridian, ID,"(43.5917781, -116.3660932)",43.5917781,-116.3660932
314,314,Piney River Brewing Company,Bucryus, MO,"(37.3213309, -92.01829219999999)",37.3213309,-92.01829219999999
315,315,Cutters Brewing Company,Avon, IN,"(39.76185, -86.3454982)",39.76185,-86.3454982
316,316,Iron Hill Brewery & Restaurant,Wilmington, DE,"(39.7334815, -75.5604462)",39.7334815,-75.5604462
317,317,Marshall Wharf Brewing Company,Belfast, ME,"(44.428979, -69.005371)",44.428979,-69.005371
319,319,Dick's Brewing Company,Centralia, WA,"(46.73534979999999, -123.0014596)",46.73534979999999,-123.0014596
320,320,Claremont Craft Ales,Claremont, CA,"(34.1089672, -117.7023616)",34.1089672,-117.7023616
321,321,Rivertown Brewing Company,Lockland, OH,"(39.4459844, -84.39825549999999)",39.4459844,-84.39825549999999
322,322,Voodoo Brewery,Meadville, PA,"(41.6373557, -80.1546767)",41.6373557,-80.1546767
323,323,D.L. Geary Brewing Company,Portland, ME,"(43.7079611, -70.31427699999999)",43.7079611,-70.31427699999999
324,324,Pisgah Brewing Company,Black Mountain, NC,"(35.607923, -82.358611)",35.607923,-82.358611
325,325,Neshaminy Creek Brewing Company,Croydon, PA,"(40.085047, -74.9020367)",40.085047,-74.9020367
326,326,Morgan Street Brewery,Saint Louis, MO,"(38.6309154, -90.185498)",38.6309154,-90.185498
327,327,Half Acre Beer Company,Chicago, IL,"(41.9593418, -87.6819467)",41.9593418,-87.6819467
329,329,The Bronx Brewery,Bronx, NY,"(40.8019015, -73.91059899999999)",40.8019015,-73.91059899999999
330,330,Dead Armadillo Craft Brewing,Tulsa, OK,"(36.1554556, -95.9794319)",36.1554556,-95.9794319
331,331,Catawba Brewing Company,Morganton, NC,"(35.744672, -81.68567399999999)",35.744672,-81.68567399999999
332,332,La Cumbre Brewing Company,Albuquerque, NM,"(35.11780700000001, -106.614117)",35.11780700000001,-106.614117
334,334,The Traveler Beer Company,Burlington, VT,"(42.3145455, -71.1032285)",42.3145455,-71.1032285
335,335,Fargo Brewing Company,Fargo, ND,"(46.883038, -96.79842300000001)",46.883038,-96.79842300000001
336,336,Big Sky Brewing Company,Missoula, MT,"(46.9222117, -114.072744)",46.9222117,-114.072744
337,337,Nebraska Brewing Company,Papillion, NE,"(41.134612, -96.0270245)",41.134612,-96.0270245
338,338,Uncle John's Fruit House Winery,St. John's, MI,"(43.112906, -84.562719)",43.112906,-84.562719
339,339,Wormtown Brewery,Worcester, MA,"(42.2634979, -71.7911723)",42.2634979,-71.7911723
340,340,Due South Brewing Company,Boynton Beach, FL,"(26.5566796, -80.07477519999999)",26.5566796,-80.07477519999999
341,341,Palisade Brewing Company,Palisade, CO,"(39.111116, -108.354299)",39.111116,-108.354299
342,342,KelSo Beer Company,Brooklyn, NY,"(40.6762434, -73.95622589999999)",40.6762434,-73.95622589999999
343,343,Hardywood Park Craft Brewery,Richmond, VA,"(37.564569, -77.45735499999999)",37.564569,-77.45735499999999
344,344,Wolf Hills Brewing Company,Abingdon, VA,"(36.7123056, -81.9656046)",36.7123056,-81.9656046
345,345,Lavery Brewing Company,Erie, PA,"(42.1229242, -80.08390729999999)",42.1229242,-80.08390729999999
346,346,Manzanita Brewing Company,Santee, CA,"(32.830552, -116.976405)",32.830552,-116.976405
347,347,Fullsteam Brewery,Durham, NC,"(36.0031099, -78.8998664)",36.0031099,-78.8998664
348,348,Four Horsemen Brewing Company,South Bend, IN,"(41.6681093, -86.24387349999999)",41.6681093,-86.24387349999999
349,349,Hinterland Brewery,Green Bay, WI,"(44.5032619, -88.0642467)",44.5032619,-88.0642467
350,350,Central Coast Brewing Company,San Luis Obispo, CA,"(35.28581700000001, -120.655724)",35.28581700000001,-120.655724
351,351,Westfield River Brewing Company,Westfield, MA,"(42.0744214, -72.7685972)",42.0744214,-72.7685972
352,352,Elevator Brewing Company,Columbus, OH,"(39.9655813, -83.0020341)",39.9655813,-83.0020341
353,353,Aslan Brewing Company,Bellingham, WA,"(48.7484671, -122.474706)",48.7484671,-122.474706
354,354,Kulshan Brewery,Bellingham, WA,"(48.757388, -122.4535843)",48.757388,-122.4535843
355,355,Pikes Peak Brewing Company,Monument, CO,"(39.0954475, -104.8600744)",39.0954475,-104.8600744
356,356,Manayunk Brewing Company,Philadelphia, PA,"(40.0225428, -75.2190327)",40.0225428,-75.2190327
357,357,Buckeye Brewing,Cleveland, OH,"(41.4545867, -81.7522415)",41.4545867,-81.7522415
358,358,Daredevil Brewing Company,Shelbyville, IN,"(39.782405, -86.24074900000001)",39.782405,-86.24074900000001
359,359,NoDa Brewing Company,Charlotte, NC,"(35.25157, -80.812472)",35.25157,-80.812472
360,360,Aviator Brewing Company,Fuquay-Varina, NC,"(35.6197983, -78.8085238)",35.6197983,-78.8085238
361,361,Wild Onion Brewing Company,Lake Barrington, IL,"(42.1865276, -88.1834786)",42.1865276,-88.1834786
362,362,Hilliard's Beer,Seattle, WA,"(47.6645617, -122.3779909)",47.6645617,-122.3779909
364,364,Bohemian Brewery,Midvale, UT,"(40.620346, -111.888248)",40.620346,-111.888248
365,365,Great River Brewery,Davenport, IA,"(41.52152, -90.57003499999999)",41.52152,-90.57003499999999
366,366,Mustang Brewing Company,Mustang, OK,"(35.472865, -97.60046899999999)",35.472865,-97.60046899999999
367,367,Airways Brewing Company,Kent, WA,"(47.4115852, -122.2253499)",47.4115852,-122.2253499
368,368,21st Amendment Brewery,San Francisco, CA,"(37.7824704, -122.3925119)",37.7824704,-122.3925119
369,369,Eddyline Brewery & Restaurant,Buena Vista, CO,"(38.841287, -106.11956)",38.841287,-106.11956
370,370,Pizza Port Brewing Company,Carlsbad, CA,"(33.15994080000001, -117.3477748)",33.15994080000001,-117.3477748
371,371,Sly Fox Brewing Company,Pottstown, PA,"(40.265147, -75.668328)",40.265147,-75.668328
372,372,Spring House Brewing Company,Conestoga, PA,"(39.9525437, -76.329354)",39.9525437,-76.329354
373,373,7venth Sun,Dunedin, FL,"(28.0162057, -82.79004859999999)",28.0162057,-82.79004859999999
374,374,Astoria Brewing Company,Astoria, OR,"(46.1899026, -123.8303191)",46.1899026,-123.8303191
375,375,Maui Brewing Company,Lahaina, HI,"(20.9729315, -156.6775424)",20.9729315,-156.6775424
376,376,RoughTail Brewing Company,Midwest City, OK,"(35.4803103, -97.4064928)",35.4803103,-97.4064928
377,377,Lucette Brewing Company,Menominee, WI,"(44.8752918, -91.940068)",44.8752918,-91.940068
378,378,Bold City Brewery,Jacksonville, FL,"(30.318992, -81.6954356)",30.318992,-81.6954356
379,379,Grey Sail Brewing of Rhode Island,Westerly, RI,"(41.384963, -71.8324189)",41.384963,-71.8324189
380,380,Blue Blood Brewing Company,Lincoln, NE,"(40.7799956, -96.7078094)",40.7799956,-96.7078094
381,381,Swashbuckler Brewing Company,Manheim, PA,"(40.227537, -76.4305935)",40.227537,-76.4305935
382,382,Blue Mountain Brewery,Afton, VA,"(38.016134, -78.821844)",38.016134,-78.821844
383,383,Starr Hill Brewery,Crozet, VA,"(38.06921, -78.686689)",38.06921,-78.686689
384,384,Westbrook Brewing Company,Mt. Pleasant, SC,"(32.8466697, -79.8767999)",32.8466697,-79.8767999
385,385,Shipyard Brewing Company,Portland, ME,"(43.6615629, -70.2482904)",43.6615629,-70.2482904
386,386,Revolution Brewing,Paonia, CO,"(38.869515, -107.597507)",38.869515,-107.597507
387,387,Natian Brewery,Portland, OR,"(45.5238996, -122.6530181)",45.5238996,-122.6530181
388,388,Alltech's Lexington Brewing Company,Lexington, KY,"(38.04949130000001, -84.5093844)",38.04949130000001,-84.5093844
389,389,Oskar Blues Brewery (North Carol...,Brevard, NC,"(35.2535812, -82.7067656)",35.2535812,-82.7067656
390,390,Orlison Brewing Company,Airway Heights, WA,"(47.6562286, -117.4273788)",47.6562286,-117.4273788
391,391,Breckenridge Brewery,Denver, CO,"(39.5937209, -105.0233408)",39.5937209,-105.0233408
392,392,Santa Fe Brewing Company,Santa Fe, NM,"(35.596565, -106.0515734)",35.596565,-106.0515734
393,393,Miami Brewing Company,Miami, FL,"(25.8002131, -80.2043848)",25.8002131,-80.2043848
395,395,Hops & Grain Brewery,Austin, TX,"(30.2584481, -97.71188509999999)",30.2584481,-97.71188509999999
396,396,White Flame Brewing Company,Hudsonville, MI,"(42.8642869, -85.8706854)",42.8642869,-85.8706854
397,397,Ruhstaller Beer Company,Sacramento, CA,"(38.5799835, -121.4982235)",38.5799835,-121.4982235
398,398,Saugatuck Brewing Company,Douglas, MI,"(42.6325668, -86.2128604)",42.6325668,-86.2128604
399,399,Moab Brewery,Moab, UT,"(38.5625852, -109.5496961)",38.5625852,-109.5496961
400,400,Macon Beer Company,Macon, GA,"(32.828287, -83.63015899999999)",32.828287,-83.63015899999999
401,401,Amnesia Brewing Company,Washougal, WA,"(45.578277, -122.351972)",45.578277,-122.351972
402,402,Wolverine State Brewing Company,Ann Arbor, MI,"(42.269262, -83.7743996)",42.269262,-83.7743996
403,403,Red Tank Cider Company,Bend, OR,"(44.046801, -121.294905)",44.046801,-121.294905
404,404,Cascadia Ciderworks United,Portland, OR,"(45.5361, -122.663718)",45.5361,-122.663718
405,405,Fate Brewing Company,Boulder, CO,"(40.015095, -105.245735)",40.015095,-105.245735
406,406,Lazy Monk Brewing,Eau Claire, WI,"(44.8153415, -91.5090094)",44.8153415,-91.5090094
407,407,Bitter Root Brewing,Hamilton, MT,"(46.247208, -114.154306)",46.247208,-114.154306
408,408,10 Barrel Brewing Company,Bend, OR,"(44.085602, -121.280963)",44.085602,-121.280963
409,409,Tamarack Brewing Company,Lakeside, MT,"(48.0161512, -114.2254217)",48.0161512,-114.2254217
410,410,New England Brewing Company,Woodbridge, CT,"(41.3392264, -72.9795895)",41.3392264,-72.9795895
411,411,Seattle Cider Company,Seattle, WA,"(47.5603272, -122.3376046)",47.5603272,-122.3376046
412,412,Straight to Ale,Huntsville, AL,"(34.7209366, -86.6071338)",34.7209366,-86.6071338
413,413,Austin Beerworks,Austin, TX,"(30.379575, -97.72984799999999)",30.379575,-97.72984799999999
414,414,Blue Mountain Brewery,Arrington, VA,"(37.7102102, -78.9438117)",37.7102102,-78.9438117
415,415,Coastal Empire Beer Company,Savannah, GA,"(32.051744, -81.124056)",32.051744,-81.124056
416,416,Jack's Hard Cider (Hauser Estate...,Biglerville, PA,"(39.9078307, -77.3470839)",39.9078307,-77.3470839
417,417,Boulder Beer Company,Boulder, CO,"(40.0265719, -105.2480565)",40.0265719,-105.2480565
418,418,Coalition Brewing Company,Portland, OR,"(45.5224109, -122.6382458)",45.5224109,-122.6382458
419,419,Sanitas Brewing Company,Boulder, CO,"(40.0219667, -105.2478226)",40.0219667,-105.2478226
420,420,Gore Range Brewery,Edwards, CO,"(39.643762, -106.596242)",39.643762,-106.596242
421,421,Redstone Meadery,Boulder, CO,"(40.0249344, -105.2436391)",40.0249344,-105.2436391
422,422,Blue Dog Mead,Eugene, OR,"(44.05690999999999, -123.0974156)",44.05690999999999,-123.0974156
423,423,Hess Brewing Company,San Diego, CA,"(32.7477013, -117.1285406)",32.7477013,-117.1285406
424,424,Wynkoop Brewing Company,Denver, CO,"(39.7534005, -104.9984882)",39.7534005,-104.9984882
425,425,Ciderboys,Stevens Point, WI,"(44.5103897, -89.5736285)",44.5103897,-89.5736285
426,426,Armadillo Ale Works,Denton, TX,"(33.212759, -97.128081)",33.212759,-97.128081
427,427,Roanoke Railhouse Brewery,Roanoke, VA,"(37.243908, -79.96301)",37.243908,-79.96301
428,428,Schlafly Brewing Company,Saint Louis, MO,"(38.6330458, -90.2097572)",38.6330458,-90.2097572
429,429,Asher Brewing Company,Boulder, CO,"(40.0601357, -105.2059203)",40.0601357,-105.2059203
430,430,Lost Rhino Brewing Company,Ashburn, VA,"(39.0160121, -77.4756687)",39.0160121,-77.4756687
431,431,North Country Brewing Company,Slippery Rock, PA,"(41.0637661, -80.05571789999999)",41.0637661,-80.05571789999999
432,432,Seabright Brewery,Santa Cruz, CA,"(36.967518, -122.0084095)",36.967518,-122.0084095
433,433,French Broad Brewery,Asheville, NC,"(35.566483, -82.53741)",35.566483,-82.53741
434,434,Angry Orchard Cider Company,Cincinnati, OH,"(41.5872822, -74.22183020000001)",41.5872822,-74.22183020000001
435,435,Two Roads Brewing Company,Stratford, CT,"(41.1856816, -73.1420901)",41.1856816,-73.1420901
436,436,Southern Oregon Brewing Company,Medford, OR,"(42.329157, -122.872676)",42.329157,-122.872676
437,437,Brooklyn Brewery,Brooklyn, NY,"(40.7217239, -73.9571722)",40.7217239,-73.9571722
438,438,The Right Brain Brewery,Traverse City, MI,"(44.7496372, -85.6193922)",44.7496372,-85.6193922
439,439,Kona Brewing Company,Kona, HI,"(19.6430922, -155.9975113)",19.6430922,-155.9975113
440,440,MillKing It Productions,Royal Oak, MI,"(42.4878249, -83.1438064)",42.4878249,-83.1438064
441,441,Pateros Creek Brewing Company,Fort Collins, CO,"(40.5899714, -105.0763719)",40.5899714,-105.0763719
442,442,O'Fallon Brewery,O'Fallon, MO,"(38.7046709, -90.44768210000001)",38.7046709,-90.44768210000001
443,443,Marble Brewery,Albuquerque, NM,"(35.092811, -106.646727)",35.092811,-106.646727
444,444,Big Wood Brewery,Vadnais Heights, MN,"(45.0850995, -93.0067566)",45.0850995,-93.0067566
445,445,Howard Brewing Company,Lenoir, NC,"(35.9139337, -81.5412228)",35.9139337,-81.5412228
446,446,Downeast Cider House,Leominster, MA,"(42.3642794, -71.0324945)",42.3642794,-71.0324945
447,447,Swamp Head Brewery,Gainesville, FL,"(29.6146794, -82.3767938)",29.6146794,-82.3767938
448,448,Mavericks Beer Company,Half Moon Bay, CA,"(37.5040965, -122.4855352)",37.5040965,-122.4855352
449,449,TailGate Beer,San Diego, CA,"(36.1199298, -86.9198973)",36.1199298,-86.9198973
450,450,Northwest Brewing Company,Pacific, WA,"(47.2506709, -122.246865)",47.2506709,-122.246865
451,451,Dad & Dude's Breweria,Aurora, CO,"(39.5939474, -104.8064074)",39.5939474,-104.8064074
452,452,Centennial Beer Company,Edwards, CO,"(39.6205753, -106.4696229)",39.6205753,-106.4696229
453,453,Denali Brewing Company,Talkeetna, AK,"(62.16138689999999, -150.0292261)",62.16138689999999,-150.0292261
454,454,Deschutes Brewery,Bend, OR,"(44.05942590000001, -121.3113374)",44.05942590000001,-121.3113374
456,456,Lucette Brewing Company,Menominie, WI,"(44.8752918, -91.940068)",44.8752918,-91.940068
457,457,The Black Tooth Brewing Company,Sheridan, WY,"(44.8009273, -106.9537799)",44.8009273,-106.9537799
458,458,Kenai River Brewing Company,Soldotna, AK,"(60.4853779, -151.057217)",60.4853779,-151.057217
459,459,River North Brewery,Denver, CO,"(39.8065653, -104.979081)",39.8065653,-104.979081
460,460,Fremont Brewing Company,Seattle, WA,"(47.649044, -122.344586)",47.649044,-122.344586
461,461,Armstrong Brewing Company,South San Francisco, CA,"(37.6556992, -122.4130921)",37.6556992,-122.4130921
463,463,Big Bend Brewing Company,Alpine, TX,"(30.347935, -103.698)",30.347935,-103.698
464,464,Good Life Brewing Company,Bend, OR,"(44.0510487, -121.3301814)",44.0510487,-121.3301814
465,465,Engine 15 Brewing,Jacksonville Beach, FL,"(30.2875967, -81.4086461)",30.2875967,-81.4086461
466,466,Green Room Brewing,Jacksonville, FL,"(30.2907356, -81.3925412)",30.2907356,-81.3925412
468,468,Peace Tree Brewing Company,Knoxville, IA,"(41.3192118, -93.0993404)",41.3192118,-93.0993404
469,469,Terrapin Brewing Company,Athens, GA,"(33.98050200000001, -83.3966856)",33.98050200000001,-83.3966856
470,470,Pete's Brewing Company,San Antonio, TX,"(29.576341, -98.47734550000001)",29.576341,-98.47734550000001
471,471,Okoboji Brewing Company,Spirit Lake, IA,"(43.4059749, -95.12598129999999)",43.4059749,-95.12598129999999
472,472,Crystal Springs Brewing Company,Boulder, CO,"(39.960729, -105.119991)",39.960729,-105.119991
473,473,Engine House 9,Tacoma, WA,"(47.255961, -122.473299)",47.255961,-122.473299
474,474,Tonka Beer Company,Minnetonka, MN,"(44.9038474, -93.46589)",44.9038474,-93.46589
475,475,Red Hare Brewing Company,Marietta, GA,"(33.924453, -84.495583)",33.924453,-84.495583
476,476,Hangar 24 Craft Brewery,Redlands, CA,"(34.0831152, -117.1418175)",34.0831152,-117.1418175
477,477,Big Elm Brewing,Sheffield, MA,"(42.092969, -73.350458)",42.092969,-73.350458
478,478,Good People Brewing Company,Birmingham, AL,"(33.5069731, -86.8121879)",33.5069731,-86.8121879
479,479,Heavy Seas Beer,Halethorpe, MD,"(39.2317521, -76.6758397)",39.2317521,-76.6758397
480,480,Telluride Brewing Company,Telluride, CO,"(37.946158, -107.8762977)",37.946158,-107.8762977
481,481,7 Seas Brewing Company,Gig Harbor, WA,"(47.3272987, -122.5798707)",47.3272987,-122.5798707
482,482,Confluence Brewing Company,Des Moines, IA,"(41.567953, -93.632955)",41.567953,-93.632955
483,483,Bale Breaker Brewing Company,Yakima, WA,"(46.5771376, -120.4354413)",46.5771376,-120.4354413
484,484,The Manhattan Brewing Company,New York, NY,"(40.756441, -73.990804)",40.756441,-73.990804
485,485,MacTarnahans Brewing Company,Portland, OR,"(45.5413513, -122.7132916)",45.5413513,-122.7132916
486,486,Stillmank Beer Company,Green Bay, WI,"(44.5045449, -87.9783812)",44.5045449,-87.9783812
487,487,Redhook Brewery,Woodinville, WA,"(47.6143036, -122.3227084)",47.6143036,-122.3227084
488,488,Dock Street Brewery,Philadelphia, PA,"(39.9477506, -75.2227932)",39.9477506,-75.2227932
489,489,Blue Point Brewing Company,Patchogue, NY,"(40.7592287, -73.02158829999999)",40.7592287,-73.02158829999999
490,490,Tampa Bay Brewing Company,Tampa, FL,"(27.9614191, -82.4416674)",27.9614191,-82.4416674
491,491,Devil's Canyon Brewery,Belmont, CA,"(37.4982566, -122.2442823)",37.4982566,-122.2442823
492,492,Stone Coast Brewing Company,Portland, ME,"(43.655776, -70.25565929999999)",43.655776,-70.25565929999999
493,493,Broken Tooth Brewing Company,Anchorage, AK,"(61.222711, -149.8429229)",61.222711,-149.8429229
494,494,Seven Brides Brewery,Silverton, OR,"(45.014014, -122.7850439)",45.014014,-122.7850439
495,495,Newburyport Brewing Company,Newburyport, MA,"(42.8045446, -70.88664589999999)",42.8045446,-70.88664589999999
496,496,Dry Dock Brewing Company,Aurora, CO,"(39.6526645, -104.8120404)",39.6526645,-104.8120404
498,498,Sprecher Brewing Company,Glendale, WI,"(43.09965, -87.919663)",43.09965,-87.919663
499,499,Wildwood Brewing Company,Stevensville, MT,"(46.5299916, -114.1085981)",46.5299916,-114.1085981
500,500,High Noon Saloon And Brewery,Leavenworth, KS,"(39.3168802, -94.9110827)",39.3168802,-94.9110827
501,501,Woodchuck Hard Cider,Middlebury, VT,"(44.0364778, -73.1653944)",44.0364778,-73.1653944
502,502,Sea Dog Brewing Company,Portland, ME,"(43.6351676, -70.31901049999999)",43.6351676,-70.31901049999999
503,503,Oskar Blues Brewery,Lyons, CO,"(40.224328, -105.268593)",40.224328,-105.268593
504,504,Carolina Beer & Beverage,Mooresville, NC,"(35.6236138, -80.801243)",35.6236138,-80.801243
505,505,Krebs Brewing Company (Pete's Pl...,Krebs, OK,"(34.925847, -95.72478699999999)",34.925847,-95.72478699999999
506,506,Warbird Brewing Company,Fort Wayne, IN,"(41.0675897, -85.15280609999999)",41.0675897,-85.15280609999999
507,507,Mudshark Brewing Company,Lake Havasu City, AZ,"(34.468697, -114.341063)",34.468697,-114.341063
508,508,Spilker Ales,Cortland, NE,"(40.5058411, -96.7070316)",40.5058411,-96.7070316
509,509,Wingman Brewers,Tacoma, WA,"(47.241094, -122.427364)",47.241094,-122.427364
510,510,Kettle House Brewing Company,Missoula, MT,"(46.8779152, -113.995288)",46.8779152,-113.995288
511,511,Sherwood Forest Brewers,Marlborough, MA,"(42.3429084, -71.5128178)",42.3429084,-71.5128178
512,512,Cottrell Brewing,Pawcatuck, CT,"(41.3699057, -71.8333993)",41.3699057,-71.8333993
513,513,Arctic Craft Brewery,Colorado Springs, CO,"(38.8487338, -104.8707774)",38.8487338,-104.8707774
514,514,Monkey Paw Pub & Brewery,San Diego, CA,"(32.713856, -117.149263)",32.713856,-117.149263
515,515,Crabtree Brewing Company,Greeley, CO,"(40.3909542, -104.7268924)",40.3909542,-104.7268924
516,516,Emerald City Beer Company,Seattle, WA,"(47.5765665, -122.3204791)",47.5765665,-122.3204791
518,518,New South Brewing Company,Myrtle Beach, SC,"(33.6980426, -78.8898272)",33.6980426,-78.8898272
519,519,Big River Brewing Company,Chattanooga, TN,"(35.0336325, -85.1627571)",35.0336325,-85.1627571
520,520,Twisted Pine Brewing Company,Boulder, CO,"(40.02076599999999, -105.251073)",40.02076599999999,-105.251073
521,521,Flying Dog Brewery,Frederick, MD,"(39.362807, -77.426773)",39.362807,-77.426773
522,522,Uncommon Brewers,Santa Cruz, CA,"(36.9819604, -122.030982)",36.9819604,-122.030982
523,523,Aspen Brewing Company,Aspen, CO,"(39.189864, -106.818427)",39.189864,-106.818427
524,524,Triangle Brewing Company,Durham, NC,"(35.9967704, -78.8891001)",35.9967704,-78.8891001
525,525,Bomb Beer Company,New York, NY,"(40.7265621, -73.9953302)",40.7265621,-73.9953302
527,527,Intuition Ale Works,Jacksonville, FL,"(30.323491, -81.644708)",30.323491,-81.644708
528,528,Asheville Brewing Company,Asheville, NC,"(35.591666, -82.555291)",35.591666,-82.555291
529,529,Northwoods Brewpub,Eau Claire, WI,"(44.5809177, -91.2275911)",44.5809177,-91.2275911
530,530,Buckbean Brewing Company,Reno, NV,"(39.4940345, -119.7490023)",39.4940345,-119.7490023
531,531,Dolores River Brewery,Dolores, CO,"(37.4735404, -108.5046646)",37.4735404,-108.5046646
533,533,Abita Brewing Company,Abita Springs, LA,"(30.4786979, -90.0391606)",30.4786979,-90.0391606
534,534,Mammoth Brewing Company,Mammoth Lakes, CA,"(37.6487002, -118.9834739)",37.6487002,-118.9834739
535,535,Harvest Moon Brewing Company,Belt, MT,"(47.3849364, -110.9295669)",47.3849364,-110.9295669
536,536,Grand Canyon Brewing Company,Williams, AZ,"(35.2509576, -112.1953305)",35.2509576,-112.1953305
537,537,Lewis and Clark Brewing Company,Helena, MT,"(46.600384, -112.02171)",46.600384,-112.02171
538,538,Dundee Brewing Company,Rochester, NY,"(43.165025, -77.6161496)",43.165025,-77.6161496
539,539,Twin Lakes Brewing Company,Greenville, DE,"(39.7143528, -75.5944454)",39.7143528,-75.5944454
540,540,Mother Earth Brewing Company,Kinston, NC,"(35.2625038, -77.5826165)",35.2625038,-77.5826165
541,541,Arcadia Brewing Company,Battle Creek, MI,"(42.2953297, -85.57120069999999)",42.2953297,-85.57120069999999
542,542,Angry Minnow Brewing Company,Hayward, WI,"(46.0105497, -91.4888447)",46.0105497,-91.4888447
543,543,Great Northern Brewing Company,Whitefish, MT,"(48.4123168, -114.3371627)",48.4123168,-114.3371627
544,544,Pyramid Breweries,Seattle, WA,"(47.592012, -122.3348888)",47.592012,-122.3348888
545,545,Lancaster Brewing Company,Lancaster, PA,"(40.0436943, -76.2982624)",40.0436943,-76.2982624
546,546,Upstate Brewing Company,Elmira, NY,"(42.1332972, -76.8118215)",42.1332972,-76.8118215
547,547,Moat Mountain Smoke House & Brew...,North Conway, NH,"(44.0685332, -71.1435717)",44.0685332,-71.1435717
548,548,Prescott Brewing Company,Prescott, AZ,"(34.5420987, -112.4697267)",34.5420987,-112.4697267
549,549,Mogollon Brewing Company,Flagstaff, AZ,"(35.2186128, -111.586562)",35.2186128,-111.586562
550,550,Wind River Brewing Company,Pinedale, WY,"(42.8663585, -109.8660034)",42.8663585,-109.8660034
551,551,Silverton Brewery,Silverton, CO,"(37.810249, -107.664514)",37.810249,-107.664514
552,552,Mickey Finn's Brewery,Libertyville, IL,"(42.28634659999999, -87.954183)",42.28634659999999,-87.954183
553,553,Covington Brewhouse,Covington, LA,"(30.4778326, -90.09660269999999)",30.4778326,-90.09660269999999
554,554,Dave's Brewfarm,Wilson, WI,"(44.9734769, -92.1756126)",44.9734769,-92.1756126
555,555,Ukiah Brewing Company,Ukiah, CA,"(39.1498635, -123.2079354)",39.1498635,-123.2079354
556,556,Butternuts Beer and Ale,Garrattsville, NY,"(42.623539, -75.19098799999999)",42.623539,-75.19098799999999
557,557,Sleeping Lady Brewing Company,Anchorage, AK,"(61.1472309, -149.8445081)",61.1472309,-149.8445081
